Name,Links,Cost,Cuisines,Timings,Open_Hours,Open_Days
Beyond Flavours,https://www.zomato.com/hyderabad/beyond-flavours-gachibowli,800,"['Chinese', 'Continental', 'Kebab', 'European', 'SouthIndian', 'NorthIndian']","12PM to 3:30PM, 6:30PM to 11:30PM (Mon-Sun)","12PM to 3:30PM, 6:30PM to 11:30PM","Mon, Tue, Wed, Thu, Fri, Sat, Sun"
Paradise,https://www.zomato.com/hyderabad/paradise-gachibowli,800,"['Biryani', 'NorthIndian', 'Chinese']",11 AM to 11 PM,11 AM to 11 PM,
Flechazo,https://www.zomato.com/hyderabad/flechazo-gachibowli,1300,"['Asian', 'Mediterranean', 'NorthIndian', 'Desserts']","11:30 AM to 4:30 PM, 6:30 PM to 11 PM","11:30 AM to 4:30 PM, 6:30 PM to 11 PM",
Shah Ghouse Hotel & Restaurant,https://www.zomato.com/hyderabad/shah-ghouse-hotel-restaurant-gachibowli,800,"['Biryani', 'NorthIndian', 'Chinese', 'Seafood', 'Beverages']",12 PM to 2 AM,12 PM to 2 AM,
Over The Moon Brew Company,https://www.zomato.com/hyderabad/over-the-moon-brew-company-gachibowli,1200,"['Asian', 'Continental', 'NorthIndian', 'Chinese', 'Mediterranean']","12PM to 11PM (Mon, Tue, Wed, Thu, Sun), 12PM to 12AM (Fri-Sat)",12PM to 11PM. 12PM to 12AM,"Mon, Tue, Wed, Thu, Sun. Fri, Sat"
The Fisherman's Wharf,https://www.zomato.com/hyderabad/the-fishermans-wharf-gachibowli,1500,"['Seafood', 'Goan', 'NorthIndian', 'Continental', 'Asian']","12PM to 3:30PM, 4PM to 6:30PM, 7PM to 11:30PM (Mon, Tue, Wed, Thu, Sun), 12PM to 3:30PM, 4PM to 6:30PM, 7PM to 12AM (Fri-Sat)","12PM to 3:30PM, 4PM to 6:30PM, 7PM to 11:30PM. 12PM to 3:30PM, 4PM to 6:30PM, 7PM to 12AM","Mon, Tue, Wed, Thu, Sun. Fri, Sat"
eat.fit,https://www.zomato.com/hyderabad/eat-fit-gachibowli,500,"['HealthyFood', 'NorthIndian', 'Continental', 'SouthIndian']",7 AM to 10 PM,7 AM to 10 PM,
Shah Ghouse Spl Shawarma,https://www.zomato.com/hyderabad/shah-ghouse-spl-shawarma-gachibowli,300,['Lebanese'],12 PM to 12 AM,12 PM to 12 AM,
Hyper Local,https://www.zomato.com/hyderabad/hyper-local-gachibowli,1000,"['American', 'Chinese', 'NorthIndian', 'Kebab', 'SouthIndian']",12 PM to 12 AM,12 PM to 12 AM,
Cream Stone,https://www.zomato.com/hyderabad/cream-stone-gachibowli,350,"['IceCream', 'Desserts']","10 AM to 1 AM (Mon-Thu), 10 AM to 1:30 AM (Fri-Sun)",10 AM to 1 AM. 10 AM to 1:30 AM,"Mon, Tue, Wed, Thu. Fri, Sat, Sun"
Sardarji's Chaats & More,https://www.zomato.com/hyderabad/sardarjis-chaats-more-gachibowli,400,"['StreetFood', 'NorthIndian', 'FastFood']","12 PM to 3:30 PM, 7 PM to 10:30 PM","12 PM to 3:30 PM, 7 PM to 10:30 PM",
Barbeque Nation,https://www.zomato.com/hyderabad/barbeque-nation-gachibowli,1600,"['Mediterranean', 'NorthIndian', 'Kebab', 'BBQ']","12 PM to 3:30 PM, 6:30 PM to 11:30 PM","12 PM to 3:30 PM, 6:30 PM to 11:30 PM",
Absolute Sizzlers,https://www.zomato.com/hyderabad/absolute-sizzlers-gachibowli,750,"['Continental', 'American', 'Chinese']",11:30 AM to 1 AM,11:30 AM to 1 AM,
The Lal Street - Bar Exchange,https://www.zomato.com/hyderabad/the-lal-street-bar-exchange-gachibowli,1300,"['NorthIndian', 'Italian', 'FingerFood']",12PM to 12AM (Mon-Sun),12PM to 12AM,"Mon, Tue, Wed, Thu, Fri, Sat, Sun"
AB's - Absolute Barbecues,https://www.zomato.com/hyderabad/abs-absolute-barbecues-gachibowli,1500,"['European', 'Mediterranean', 'NorthIndian']","12 PM to 4:30 PM, 6:30 PM to 11:30 PM","12 PM to 4:30 PM, 6:30 PM to 11:30 PM",
KFC,https://www.zomato.com/hyderabad/kfc-gachibowli,500,"['Burger', 'FastFood']",11 AM to 11 PM,11 AM to 11 PM,
NorFest - The Dhaba,https://www.zomato.com/hyderabad/norfest-the-dhaba-gachibowli,550,['NorthIndian'],12 PM to 10:30 PM,12 PM to 10:30 PM,
Hotel Zara Hi-Fi,https://www.zomato.com/hyderabad/hotel-zara-gachibowli,400,"['Chinese', 'NorthIndian']",11:30 AM to 1 AM,11:30 AM to 1 AM,
10 Downing Street,https://www.zomato.com/hyderabad/10-downing-street-gachibowli,1900,"['NorthIndian', 'Chinese', 'Continental']",12 PM to 12 AM,12 PM to 12 AM,
Pakwaan Grand,https://www.zomato.com/hyderabad/pakwaan-grand-gachibowli,400,"['NorthIndian', 'Chinese', 'Biryani']",12 PM to 11 PM,12 PM to 11 PM,
13 Dhaba,https://www.zomato.com/hyderabad/13-dhaba-gachibowli,450,['NorthIndian'],"12:30 PM to 10 PM (Tue-Sun), Mon Closed",12:30 PM to 10 PM,"Tue, Wed, Thu, Fri, Sat, Sun"
Jonathan's Kitchen - Holiday Inn Express & Suites,https://www.zomato.com/hyderabad/jonathans-kitchen-holiday-inn-express-suites-gachibowli,1900,"['NorthIndian', 'Japanese', 'Italian', 'Salad', 'Sushi']","11:30 AM to 3 PM, 7 PM to 11 PM","11:30 AM to 3 PM, 7 PM to 11 PM",
B-Dubs,https://www.zomato.com/hyderabad/b-dubs-gachibowli,1600,['American'],"11AM to 11:30PM (Mon, Tue, Wed, Thu, Sun), 11AM to 12AM (Fri-Sat)",11AM to 11:30PM. 11AM to 12AM,"Mon, Tue, Wed, Thu, Sun. Fri, Sat"
Amul,https://www.zomato.com/hyderabad/amul-gachibowli,150,"['IceCream', 'Desserts']",10 AM to 5 AM,10 AM to 5 AM,
SKYHY,https://www.zomato.com/hyderabad/skyhy-gachibowli,1400,"['NorthIndian', 'Chinese', 'Continental']","12 PM to 12 AM (Mon-Thu, Sun), 12 PM to 1 AM (Fri-Sat)",12 PM to 12 AM. 12 PM to 1 AM,"Mon, Tue, Wed, Thu, Sun. Fri, Sat"
Tiki Shack,https://www.zomato.com/hyderabad/tiki-shack-gachibowli,1000,['Continental'],"12PM to 11PM (Mon-Thu),12PM to 11:30PM (Fri-Sun)",12PM to 11PM. 12PM to 11:30PM,"Mon, Tue, Wed, Thu. Fri, Sat, Sun"
Mustang Terrace Lounge,https://www.zomato.com/hyderabad/mustang-terrace-lounge-gachibowli,1300,"['Mexican', 'Italian', 'NorthIndian', 'Chinese', 'Salad']","12 PM to 11:30 PM (Mon-Wed), 12 PM to 1 AM (Fri-Sat), 12 PM to 12 AM (Sun), Thu Closed",12 PM to 11:30 PM. 12 PM to 1 AM. 12 PM to 12 AM,"Mon, Tue, Wed. Fri, Sat. Sun"
"3B's - Buddies, Bar & Barbecue",https://www.zomato.com/hyderabad/3bs-buddies-bar-barbecue-gachibowli,1100,"['NorthIndian', 'Mediterranean', 'European']","12 PM to 4 PM, 6:30 PM to 11:30 PM","12 PM to 4 PM, 6:30 PM to 11:30 PM",
Behrouz Biryani,https://www.zomato.com/hyderabad/behrouz-biryani-gachibowli,600,"['Mughlai', 'Biryani']",10 AM to 1 AM,10 AM to 1 AM,
Hunger Maggi Point,https://www.zomato.com/hyderabad/hunger-maggi-point-gachibowli,200,['FastFood'],4:30 PM to 5:30 AM,4:30 PM to 5:30 AM,
Pot Pourri,https://www.zomato.com/hyderabad/pot-pourri-gachibowli,900,"['Andhra', 'SouthIndian', 'NorthIndian']",,,
Pista House,https://www.zomato.com/hyderabad/pista-house-2-gachibowli,1000,"['Bakery', 'NorthIndian', 'Mughlai', 'Juices', 'Chinese']",11 AM to 12 AM,11 AM to 12 AM,
Marsala Food Company,https://www.zomato.com/hyderabad/marsala-food-company-gachibowli,700,"['Arabian', 'NorthIndian', 'Chinese']","12PM to 4PM, 7PM to 12AM (Mon-Sun)","12PM to 4PM, 7PM to 12AM","Mon, Tue, Wed, Thu, Fri, Sat, Sun"
Club Rogue,https://www.zomato.com/hyderabad/club-rogue-gachibowli,900,"['NorthIndian', 'FastFood']",11 AM to 12 AM,11 AM to 12 AM,
Mazzo - Marriott Executive Apartments,https://www.zomato.com/hyderabad/mazzo-marriott-executive-apartments-gachibowli,1700,"['Italian', 'NorthIndian', 'SouthIndian', 'Asian']",6AM to 12AM (Mon-Sun),6AM to 12AM,"Mon, Tue, Wed, Thu, Fri, Sat, Sun"
Green Bawarchi Restaurant,https://www.zomato.com/hyderabad/green-bawarchi-restaurant-gachibowli,700,"['NorthIndian', 'Chinese', 'Biryani']",12 PM to 11 PM,12 PM to 11 PM,
Banana Leaf Multicuisine Restaurant,https://www.zomato.com/hyderabad/banana-leaf-multicuisine-restaurant-gachibowli,700,"['Biryani', 'SouthIndian', 'NorthIndian', 'Chinese', 'Andhra']","12:30 PM to 3:30 PM, 7 PM to 10:40 PM","12:30 PM to 3:30 PM, 7 PM to 10:40 PM",
Kritunga Restaurant,https://www.zomato.com/hyderabad/kritunga-restaurant-gachibowli,500,"['Andhra', 'Biryani', 'Hyderabadi', 'NorthIndian']","12 PM to 4 PM, 7 PM to 11 PM","12 PM to 4 PM, 7 PM to 11 PM",
The Glass Onion,https://www.zomato.com/hyderabad/the-glass-onion-gachibowli,1200,"['NorthIndian', 'Continental', 'Italian', 'Asian']","12PM to 11PM (Mon, Tue, Wed, Thu, Sun), 12PM to 12AM (Fri-Sat)",12PM to 11PM. 12PM to 12AM,"Mon, Tue, Wed, Thu, Sun. Fri, Sat"
Deli 9 Bistro,https://www.zomato.com/hyderabad/deli-9-bistro-gachibowli,700,"['Cafe', 'Continental', 'Desserts']",12 PM to 10:30 PM,12 PM to 10:30 PM,
Frio Bistro,https://www.zomato.com/hyderabad/frio-bistro-gachibowli,1200,"['European', 'Italian', 'Continental', 'Spanish']",12PM to 11PM (Mon-Sun),12PM to 11PM,"Mon, Tue, Wed, Thu, Fri, Sat, Sun"
Karachi Bakery,https://www.zomato.com/hyderabad/karachi-bakery-gachibowli,500,"['Bakery', 'FastFood', 'Desserts']",10 AM to 10 PM,10 AM to 10 PM,
Karachi Cafe,https://www.zomato.com/hyderabad/karachi-cafe-gachibowli,600,"['Cafe', 'Desserts', 'FastFood']",10 AM to 10 PM,10 AM to 10 PM,
The Foodie Monster Kitchen,https://www.zomato.com/hyderabad/the-foodie-monster-kitchen-gachibowli,500,"['American', 'Wraps', 'Desserts']",7 AM to 1 AM,7 AM to 1 AM,
La La Land - Bar & Kitchen,https://www.zomato.com/hyderabad/la-la-land-bar-kitchen-gachibowli,1000,"['FingerFood', 'NorthIndian', 'Kebab', 'Chinese']",12 PM to 11:30 PM,12 PM to 11:30 PM,
Owm Nom Nom,https://www.zomato.com/hyderabad/owm-nom-nom-gachibowli,900,"['Chinese', 'Biryani', 'Andhra', 'NorthIndian']",12PM to 11:30PM (Mon-Sun),12PM to 11:30PM,"Mon, Tue, Wed, Thu, Fri, Sat, Sun"
Ulavacharu,https://www.zomato.com/hyderabad/ulavacharu-gachibowli,1400,"['Andhra', 'NorthIndian', 'Chinese']",12 PM to 11:30 PM,12 PM to 11:30 PM,
Shanghai Chef 2,https://www.zomato.com/hyderabad/shanghai-chef-2-gachibowli,800,"['Chinese', 'Thai', 'Indonesian', 'Asian']",12 PM to 11 PM,12 PM to 11 PM,
Udipi's Upahar,https://www.zomato.com/hyderabad/udipis-upahar-gachibowli,500,"['SouthIndian', 'NorthIndian', 'Chinese']",6 AM to 10:30 PM,6 AM to 10:30 PM,
Mathura Vilas,https://www.zomato.com/hyderabad/mathura-vilas-gachibowli,500,"['SouthIndian', 'NorthIndian', 'Chinese']","11:30 AM to 3:30 PM, 6:45 PM to 11:30 PM","11:30 AM to 3:30 PM, 6:45 PM to 11:30 PM",
Gal Punjab Di,https://www.zomato.com/hyderabad/gal-punjab-di-gachibowli,800,"['NorthIndian', 'Continental']","11:55 AM to 4 PM, 7 PM to 11:15 PM","11:55 AM to 4 PM, 7 PM to 11:15 PM",
Hitech Bawarchi Food Zone,https://www.zomato.com/hyderabad/hitech-bawarchi-food-zone-gachibowli,500,"['Biryani', 'NorthIndian', 'Chinese']",12 PM to 11 PM,12 PM to 11 PM,
Biryanis And More,https://www.zomato.com/hyderabad/biryanis-and-more-gachibowli,500,"['NorthIndian', 'Biryani', 'Chinese']",11 AM to 11 PM,11 AM to 11 PM,
Diners Pavilion,https://www.zomato.com/hyderabad/diners-pavilion-gachibowli,1200,"['Chinese', 'Continental', 'Italian']","12PM to 4:30PM, 6:30PM to 11:30PM (Mon, Tue, Wed, Fri, Sat), Closed (Thu),12PM to 12AM (Sun)","12PM to 4:30PM, 6:30PM to 11:30PM. 12PM to 12AM","Mon, Tue, Wed, Fri, Sat. Sun"
Asian Meal Box,https://www.zomato.com/hyderabad/asian-meal-box-gachibowli,200,['Asian'],"12PM to 12AM (Mon, Tue, Wed, Thu, Sun), 12PM to 1AM (Fri-Sat)",12PM to 12AM. 12PM to 1AM,"Mon, Tue, Wed, Thu, Sun. Fri, Sat"
Cafe Eclat,https://www.zomato.com/hyderabad/cafe-eclat-gachibowli,700,"['Cafe', 'Bakery']",8 AM to 11:30 PM,8 AM to 11:30 PM,
Feast - Sheraton Hyderabad Hotel,https://www.zomato.com/hyderabad/feast-sheraton-hyderabad-hotel-gachibowli,2500,"['ModernIndian', 'Asian', 'Continental', 'Italian']","6:30AM to 10:30AM, 12:30PM to 3PM, 7PM to 11PM (Mon),6:30AM to 10:30AM, 12:30PM to 3PM, 7:30PM to 11PM (Tue-Sat),6:30AM to 10:30AM, 12:30PM to 3:30PM, 7PM to 11PM (Sun)","6:30AM to 10:30AM, 12:30PM to 3PM, 7PM to 11PM. 6:30AM to 10:30AM, 12:30PM to 3PM, 7:30PM to 11PM. 6:30AM to 10:30AM, 12:30PM to 3:30PM, 7PM to 11PM","Mon. Tue, Wed, Thu, Fri, Sat. Sun"
Being Hungry,https://www.zomato.com/hyderabad/being-hungry-gachibowli,450,"['NorthIndian', 'Chinese']","12 PM to 3 PM, 7 PM to 11:30 PM","12 PM to 3 PM, 7 PM to 11:30 PM",
Tempteys,https://www.zomato.com/hyderabad/tempteys-gachibowli,350,"['Desserts', 'Beverages']",11:30 AM to 1 AM,11:30 AM to 1 AM,
KS Bakers,https://www.zomato.com/hyderabad/ks-bakers-gachibowli,200,"['Bakery', 'Desserts', 'FastFood']",9 AM to 10 PM,9 AM to 10 PM,
PourHouse7,https://www.zomato.com/hyderabad/pourhouse7-gachibowli,1200,"['NorthIndian', 'Continental', 'Chinese', 'Italian']","12 PM to 12 AM (Mon-Thu, Sun), 12 PM to 1 AM (Fri-Sat)",12 PM to 12 AM. 12 PM to 1 AM,"Mon, Tue, Wed, Thu, Sun. Fri, Sat"
Prism Club & Kitchen,https://www.zomato.com/hyderabad/prism-club-kitchen-gachibowli,1200,"['Kebab', 'Continental', 'Italian', 'NorthIndian']",5PM to 12AM (Mon-Sun),5PM to 12AM,"Mon, Tue, Wed, Thu, Fri, Sat, Sun"
Shree Santosh Dhaba Family Restaurant,https://www.zomato.com/hyderabad/shree-santosh-dhaba-family-restaurant-gachibowli,500,"['NorthIndian', 'Chinese', 'FastFood']",11 AM to 11:30 PM,11 AM to 11:30 PM,
Dine O China,https://www.zomato.com/hyderabad/dine-o-china-gachibowli,850,"['Chinese', 'Asian', 'Momos']",11:30AM to 11PM (Mon-Sun),11:30AM to 11PM,"Mon, Tue, Wed, Thu, Fri, Sat, Sun"
Hyderabad Chefs,https://www.zomato.com/hyderabad/hyderabad-chefs-gachibowli,600,"['NorthIndian', 'Chinese']",12 PM to 10:30 PM,12 PM to 10:30 PM,
Komatose - Holiday Inn Express & Suites,https://www.zomato.com/hyderabad/komatose-holiday-inn-express-suites-gachibowli,1500,"['NorthIndian', 'Chinese', 'Japanese', 'Sushi']",1 PM to 11 PM,1 PM to 11 PM,
Aromas@11SIX,https://www.zomato.com/hyderabad/aromas11six-gachibowli,750,"['NorthIndian', 'Chinese', 'Mughlai', 'Biryani']",11:30 AM to 12 AM,11:30 AM to 12 AM,
Yum Yum Tree - The Arabian Food Court,https://www.zomato.com/hyderabad/yum-yum-tree-the-arabian-food-court-gachibowli,1200,"['NorthIndian', 'Hyderabadi']",12 PM to 12 AM,12 PM to 12 AM,
The Tilt Bar Republic,https://www.zomato.com/thetiltbarrepublic,1500,"['NorthIndian', 'Continental', 'Italian']",12PM to 12AM (Mon-Sun),12PM to 12AM,"Mon, Tue, Wed, Thu, Fri, Sat, Sun"
The Indi Grill,https://www.zomato.com/hyderabad/the-indi-grill-gachibowli,1500,"['BBQ', 'Asian', 'ModernIndian']",12PM to 11PM (Mon-Sun),12PM to 11PM,"Mon, Tue, Wed, Thu, Fri, Sat, Sun"
Urban Asia - Kitchen & Bar,https://www.zomato.com/hyderabad/urban-asia-kitchen-bar-gachibowli,1100,"['Asian', 'Thai', 'Chinese', 'Sushi', 'Momos']","12 PM to 3 PM, 7 PM to 11 PM","12 PM to 3 PM, 7 PM to 11 PM",
Eat India Company,https://www.zomato.com/hyderabad/eat-india-company-gachibowli,1300,"['NorthIndian', 'Mughlai', 'Beverages']","12 PM to 3 PM, 7 PM to 11 PM","12 PM to 3 PM, 7 PM to 11 PM",
Labonel,https://www.zomato.com/hyderabad/labonel-gachibowli,1000,"['Bakery', 'Desserts']","11 AM to 8 PM (Mon-Sat), Sun Closed",11 AM to 8 PM,"Mon, Tue, Wed, Thu, Fri, Sat"
Driven Cafe,https://www.zomato.com/hyderabad/driven-cafe-gachibowli,600,"['Cafe', 'FastFood', 'Beverages']",4 AM to 12 AM,4 AM to 12 AM,
Faasos,https://www.zomato.com/hyderabad/faasos-gachibowli,600,"['FastFood', 'Biryani', 'Desserts']",9 AM to 1 AM,9 AM to 1 AM,
Royal Spicy Restaurant,https://www.zomato.com/hyderabad/royal-spicy-restaurant-gachibowli,700,"['NorthIndian', 'SouthIndian']",10:30 AM to 11 PM,10:30 AM to 11 PM,
The Old Madras Baking Company,https://www.zomato.com/hyderabad/the-old-madras-baking-company-gachibowli,350,['Bakery'],7 AM to 11 PM,7 AM to 11 PM,
Squeeze @ The Lime,https://www.zomato.com/hyderabad/squeeze-the-lime-gachibowli,650,"['Italian', 'NorthIndian', 'Chinese', 'Salad']","7 AM to 10:30 AM, 12:30 PM to 3:30 PM, 7 PM to 11 PM","7 AM to 10:30 AM, 12:30 PM to 3:30 PM, 7 PM to 11 PM",
Khaan Saab,https://www.zomato.com/hyderabad/khaan-saab-gachibowli,1100,"['NorthIndian', 'Mughlai']","12 PM to 3:30 PM, 7 PM to 11:30 PM","12 PM to 3:30 PM, 7 PM to 11:30 PM",
Olive Garden,https://www.zomato.com/hyderabad/olive-garden-gachibowli,700,"['NorthIndian', 'Chinese', 'Continental', 'Biryani']","12 PM to 3:30 PM, 7 PM to 11 PM","12 PM to 3:30 PM, 7 PM to 11 PM",
Tandoori Food Works,https://www.zomato.com/hyderabad/tandoori-food-works-gachibowli,500,"['NorthIndian', 'Burger', 'Kebab']","12PM to 12AM (Mon, Tue, Wed, Thu, Sun), 12PM to 1AM (Fri-Sat)",12PM to 12AM. 12PM to 1AM,"Mon, Tue, Wed, Thu, Sun. Fri, Sat"
Delhi-39,https://www.zomato.com/hyderabad/delhi-39-gachibowli,600,"['NorthIndian', 'Chinese']",11AM to 11PM (Mon-Sun),11AM to 11PM,"Mon, Tue, Wed, Thu, Fri, Sat, Sun"
Al Saba Restaurant,https://www.zomato.com/hyderabad/al-saba-restaurant-gachibowli,750,"['NorthIndian', 'Chinese', 'Seafood', 'Biryani', 'Hyderabadi']",6 AM to 11:30 PM,6 AM to 11:30 PM,
GD's,https://www.zomato.com/hyderabad/gds-gachibowli,500,"['Burger', 'American']",11:30 AM to 5 AM,11:30 AM to 5 AM,
T Grill,https://www.zomato.com/hyderabad/t-grill-gachibowli,700,"['NorthIndian', 'Andhra', 'Biryani', 'Chinese']","12:30 PM to 3:30 PM, 7 PM to 11 PM","12:30 PM to 3:30 PM, 7 PM to 11 PM",
Momos Delight,https://www.zomato.com/hyderabad/momos-delight-gachibowli,200,['Momos'],6PM to 2AM (Mon-Sun),6PM to 2AM,"Mon, Tue, Wed, Thu, Fri, Sat, Sun"
The Chocolate Room,https://www.zomato.com/hyderabad/the-chocolate-room-gachibowli,600,"['Cafe', 'Desserts']",10 AM to 12 AM,10 AM to 12 AM,
American Wild Wings,https://www.zomato.com/hyderabad/american-wild-wings-gachibowli,600,"['American', 'FastFood', 'Salad', 'Burger']",12 PM to 4 AM,12 PM to 4 AM,
Domino's Pizza,https://www.zomato.com/hyderabad/dominos-pizza-4-gachibowli,400,"['FastFood', 'Pizza']",11 AM to 11 PM,11 AM to 11 PM,
Mohammedia Shawarma,https://www.zomato.com/hyderabad/mohammedia-shawarma-gachibowli,150,"['StreetFood', 'Arabian']",1 PM to 1 AM,1 PM to 1 AM,
Arena Eleven,https://www.zomato.com/hyderabad/arena-eleven-gachibowli,1600,['Continental'],12 PM to 12 AM,12 PM to 12 AM,
Cascade - Radisson Hyderabad Hitec City,https://www.zomato.com/hyderabad/cascade-radisson-hyderabad-hitec-city-gachibowli,1800,"['NorthIndian', 'Italian', 'Continental', 'Asian']",24 Hours,24 Hours,
Collage - Hyatt Hyderabad Gachibowli,https://www.zomato.com/hyderabad/collage-hyatt-hyderabad-gachibowli-gachibowli,2800,"['Continental', 'Italian', 'NorthIndian', 'Chinese', 'Asian']",24 Hours (Mon-Sun),24 Hours,"Mon, Tue, Wed, Thu, Fri, Sat, Sun"
Zing's Northeast Kitchen,https://www.zomato.com/hyderabad/zings-northeast-kitchen-gachibowli,550,"['NorthEastern', 'Momos']","11:30 AM to 4 PM, 7 PM to 11 PM","11:30 AM to 4 PM, 7 PM to 11 PM",
Dunkin' Donuts,https://www.zomato.com/hyderabad/dunkin-donuts-gachibowli,550,"['Desserts', 'Cafe', 'Beverages', 'Burger', 'FastFood']",10 AM to 11 PM,10 AM to 11 PM,
Desi Bytes,https://www.zomato.com/hyderabad/desi-bytes-gachibowli,400,"['NorthIndian', 'Chinese']","1 PM to 2 AM (Mon, Wed-Sun), Tue Closed",1 PM to 2 AM,"Mon, Wed, Thu, Fri, Sat, Sun"
Hyderabadi Daawat,https://www.zomato.com/hyderabad/hyderabadi-daawat-1-gachibowli,600,"['Hyderabadi', 'Chinese', 'Mughlai']",12:30PM to 11:30PM (Mon-Sun),12:30PM to 11:30PM,"Mon, Tue, Wed, Thu, Fri, Sat, Sun"
Zega - Sheraton Hyderabad Hotel,https://www.zomato.com/hyderabad/zega-sheraton-hyderabad-hotel-gachibowli,1750,"['Asian', 'Sushi']",12PM to 2AM (Mon-Sun),12PM to 2AM,"Mon, Tue, Wed, Thu, Fri, Sat, Sun"
Triptify,https://www.zomato.com/hyderabad/triptify-gachibowli,400,['NorthIndian'],11 AM to 11 PM,11 AM to 11 PM,
Chinese Pavilion,https://www.zomato.com/hyderabad/chinese-pavilion-gachibowli,1000,"['Chinese', 'Seafood']","12 PM to 3:30 PM, 7 PM to 11 PM","12 PM to 3:30 PM, 7 PM to 11 PM",
IndiBlaze,https://www.zomato.com/hyderabad/indiblaze-gachibowli,600,"['FastFood', 'Salad']",11 AM to 11 PM,11 AM to 11 PM,
Sweet Basket,https://www.zomato.com/hyderabad/sweet-basket-gachibowli,200,"['Bakery', 'Mithai']","10 AM to 10 PM (Mon-Thu), 8 AM to 10:30 PM (Fri-Sun)",10 AM to 10 PM. 8 AM to 10:30 PM,"Mon, Tue, Wed, Thu. Fri, Sat, Sun"
Angaara Counts 3,https://www.zomato.com/hyderabad/angaara-counts-3-gachibowli,500,"['NorthIndian', 'Biryani', 'Chinese']",12 PM to 11 PM,12 PM to 11 PM,
Wich Please,https://www.zomato.com/hyderabad/wich-please-1-gachibowli,250,['FastFood'],8AM to 12:30AM (Mon-Sun),8AM to 12:30AM,"Mon, Tue, Wed, Thu, Fri, Sat, Sun"
Republic Of Noodles - Lemon Tree Hotel,https://www.zomato.com/hyderabad/republic-of-noodles-lemon-tree-hotel-gachibowli,1700,"['Thai', 'Asian', 'Chinese', 'Malaysian']","11:30 AM to 3 PM, 7 PM to 12 AM","11:30 AM to 3 PM, 7 PM to 12 AM",
